{"name":"CiscoRouterHealth","platform":"node","language":"js","runProcess":"main","hash":"jBTRIeP6VjRud/WJvk0CI29yrtXtaJIfPruRxHbN7zY=","processes":[{"name":"main","entryNode":"_A13","exitNode":"_exit","nodes":[{"name":"_A13","skipped":true,"nextNodes":["_A1"],"nodeIsSubProcess":false,"meta":{"comment":"Check how long the device has been up.","skipBreakpoint":true,"type":"comment"}},{"name":"_A1","nodeIsSubProcess":false,"function":"","skipped":false,"nextNodes":["_A5","CatchUptimeError"]},{"skipped":false,"nodeIsSubProcess":false,"nextNodes":["Uptime"],"name":"_A5","function":"this.moduleAwait('system', 'onError', 'CatchUptimeError')"},{"name":"Uptime","process":"demo/User/Common Use Cases/Cisco Routers/CiscoRouterFlowsforCustomers09_25_2020/CiscoUptime","nodeIsSubProcess":true,"skipped":false,"processParameters":[{"name":"RouterAuth","value":"$RouterAuth"}],"nextNodes":["UptimeVar"]},{"name":"UptimeVar","nodeIsSubProcess":false,"skipped":false,"function":"$uptime=$Uptime.uptimeInDays + \" Days\"","nextNodes":["_A4"]},{"name":"CatchUptimeError","nodeIsSubProcess":false,"function":"return;","nextNodes":["UptimeErrorVar"]},{"name":"UptimeErrorVar","nodeIsSubProcess":false,"skipped":false,"function":"$result.upTimeError=$CatchUptimeError.message","nextNodes":["_A4"]},{"skipped":false,"nodeIsSubProcess":false,"nextNodes":["_A14"],"name":"_A4","function":"this.moduleAwait('system', 'onError', null)"},{"name":"_A14","skipped":true,"nextNodes":["_A2"],"nodeIsSubProcess":false,"meta":{"comment":"Show device memory utilization.","skipBreakpoint":true,"type":"comment"}},{"name":"_A2","nodeIsSubProcess":false,"function":"","skipped":false,"nextNodes":["_A7","CatchProcessMemoryError"]},{"skipped":false,"nodeIsSubProcess":false,"nextNodes":["ProcessMemory"],"name":"_A7","function":"this.moduleAwait('system', 'onError', 'CatchProcessMemoryError')"},{"name":"ProcessMemory","process":"demo/User/Common Use Cases/Cisco Routers/CiscoRouterFlowsforCustomers09_25_2020/CiscoShowProcessMemory","nodeIsSubProcess":true,"skipped":false,"processParameters":[{"name":"RouterAuth","value":"$RouterAuth"}],"nextNodes":["ProcessMemoryVar"]},{"name":"ProcessMemoryVar","nodeIsSubProcess":false,"skipped":false,"function":"$freeMemoryPercent=Math.round($ProcessMemory.PercentMemoryFree)","nextNodes":["_A6"]},{"name":"CatchProcessMemoryError","nodeIsSubProcess":false,"function":"return;","nextNodes":["A10"]},{"name":"A10","nodeIsSubProcess":false,"skipped":false,"function":"$result.ProcessMemoryError=$CatchProcessMemoryError.message","nextNodes":["_A6"],"meta":{"breakpoint":{"enabled":true,"isSet":true}}},{"skipped":false,"nodeIsSubProcess":false,"nextNodes":["_A3"],"name":"_A6","function":"this.moduleAwait('system', 'onError', null)"},{"name":"_A3","nodeIsSubProcess":false,"function":"","skipped":false,"nextNodes":["_A9","CatchShowVersionError"]},{"skipped":false,"nodeIsSubProcess":false,"nextNodes":["ShowVersion"],"name":"_A9","function":"this.moduleAwait('system', 'onError', 'CatchShowVersionError')"},{"name":"ShowVersion","process":"demo/User/Common Use Cases/Cisco Routers/CiscoRouterFlowsforCustomers09_25_2020/CiscoShowVersion","nodeIsSubProcess":true,"skipped":false,"processParameters":[{"name":"RouterAuth","value":"$RouterAuth"}],"nextNodes":["ShowVersionVersionVar"]},{"name":"ShowVersionVersionVar","nodeIsSubProcess":false,"skipped":false,"function":"$version=$ShowVersion.version","nextNodes":["ShowVersionSerialNumberVar"]},{"name":"ShowVersionSerialNumberVar","nodeIsSubProcess":false,"skipped":false,"function":"$serialNumber=$ShowVersion.router_Serial_Number","nextNodes":["ShowVersionVendorVar"]},{"name":"ShowVersionVendorVar","nodeIsSubProcess":false,"skipped":false,"function":"$vendor=$ShowVersion.router_Vendor","nextNodes":["ShowVersionHostNameVar"]},{"name":"ShowVersionHostNameVar","nodeIsSubProcess":false,"skipped":false,"function":"$hostName=$ShowVersion.hostName","nextNodes":["_A8"]},{"name":"CatchShowVersionError","nodeIsSubProcess":false,"function":"return;","nextNodes":["ShowVersionErrorVar"]},{"name":"ShowVersionErrorVar","nodeIsSubProcess":false,"skipped":false,"function":"$error=$CatchShowVersionError.message","nextNodes":["_A8"]},{"skipped":false,"nodeIsSubProcess":false,"nextNodes":["_A10"],"name":"_A8","function":"this.moduleAwait('system', 'onError', null)"},{"name":"_A10","nodeIsSubProcess":false,"function":"","skipped":false,"nextNodes":["_A12","A15"]},{"skipped":false,"nodeIsSubProcess":false,"nextNodes":["ShowProcessCPU"],"name":"_A12","function":"this.moduleAwait('system', 'onError', 'A15')"},{"name":"ShowProcessCPU","process":"demo/User/Common Use Cases/Cisco Routers/CiscoRouterFlowsforCustomers09_25_2020/CiscoShowProcessCPU","nodeIsSubProcess":true,"skipped":false,"processParameters":[{"name":"RouterAuth","value":"$RouterAuth"}],"nextNodes":["ShowProcessCPUVar"]},{"name":"ShowProcessCPUVar","nodeIsSubProcess":false,"skipped":false,"function":"$cpuFiveMinuteAverage=$ShowProcessCPU.cpuFiveMinuteAverage","nextNodes":["_A11"]},{"name":"A15","nodeIsSubProcess":false,"function":"return;","nextNodes":["_A11"]},{"skipped":false,"nodeIsSubProcess":false,"nextNodes":["_A15"],"name":"_A11","function":"this.moduleAwait('system', 'onError', null)"},{"name":"_A15","nodeIsSubProcess":false,"function":"","skipped":false,"nextNodes":["_A17","A2"]},{"skipped":false,"nodeIsSubProcess":false,"nextNodes":["GetListofInterfaces"],"name":"_A17","function":"this.moduleAwait('system', 'onError', 'A2')"},{"name":"GetListofInterfaces","process":"demo/User/Common Use Cases/Cisco Routers/CiscoRouterFlowsforCustomers09_25_2020/CiscoShowInterfaceBrief","nodeIsSubProcess":true,"skipped":false,"processParameters":[{"name":"RouterAuth","value":"$RouterAuth"}],"nextNodes":["A4"]},{"name":"A4","nodeIsSubProcess":false,"skipped":false,"function":"$routerInterfaces=$GetListofInterfaces.routerInterfaces","nextNodes":["_A16"]},{"name":"A2","nodeIsSubProcess":false,"function":"return;","nextNodes":["_A16"]},{"skipped":false,"nodeIsSubProcess":false,"nextNodes":["_A18"],"name":"_A16","function":"this.moduleAwait('system', 'onError', null)"},{"name":"_A18","nodeIsSubProcess":false,"function":"","skipped":false,"nextNodes":["_A20","A3"]},{"skipped":false,"nodeIsSubProcess":false,"nextNodes":["GetRouterSerialandPartNumber"],"name":"_A20","function":"this.moduleAwait('system', 'onError', 'A3')"},{"name":"GetRouterSerialandPartNumber","process":"demo/User/Common Use Cases/Cisco Routers/CiscoRouterFlowsforCustomers09_25_2020/CiscoShowInventory","nodeIsSubProcess":true,"skipped":false,"processParameters":[{"name":"RouterAuth","value":"$RouterAuth"}],"nextNodes":["A6"]},{"name":"A6","nodeIsSubProcess":false,"skipped":false,"function":"$routerPartNumber=$GetRouterSerialandPartNumber.routerPartNumber","nextNodes":["A7"]},{"name":"A7","nodeIsSubProcess":false,"skipped":false,"function":"$routerSerialNumber=$GetRouterSerialandPartNumber.routerSerialNumber","nextNodes":["_A19"]},{"name":"A3","nodeIsSubProcess":false,"function":"return;","nextNodes":["_A19"]},{"skipped":false,"nodeIsSubProcess":false,"nextNodes":["_A21"],"name":"_A19","function":"this.moduleAwait('system', 'onError', null)"},{"name":"_A21","nodeIsSubProcess":false,"function":"","skipped":false,"nextNodes":["_A23","A5"]},{"skipped":false,"nodeIsSubProcess":false,"nextNodes":["PingTargetDevice"],"name":"_A23","function":"this.moduleAwait('system', 'onError', 'A5')"},{"name":"PingTargetDevice","process":"demo/User/Common Use Cases/Cisco Routers/CiscoRouterFlowsforCustomers09_25_2020/CiscoPingDevice","nodeIsSubProcess":true,"skipped":false,"processParameters":[{"name":"DeviceAddressToPing","value":"$routerIPAddress"},{"name":"RouterAuth","value":"$RouterAuth"}],"nextNodes":["A8"]},{"name":"A8","nodeIsSubProcess":false,"skipped":false,"function":"$rttAvg=$PingTargetDevice.rtt_avg","nextNodes":["A12"],"meta":{"breakpoint":{"enabled":true,"isSet":true}}},{"name":"A12","nodeIsSubProcess":false,"skipped":false,"function":"$rttMax=$PingTargetDevice.rtt_max","nextNodes":["A11"],"meta":{"breakpoint":{"enabled":true,"isSet":true}}},{"name":"A11","nodeIsSubProcess":false,"skipped":false,"function":"$rttMin=$PingTargetDevice.rtt_min","nextNodes":["_A22"],"meta":{"breakpoint":{"enabled":true,"isSet":true}}},{"name":"A5","nodeIsSubProcess":false,"function":"return;","nextNodes":["A9"]},{"name":"A9","nodeIsSubProcess":false,"skipped":false,"function":"$rttMax=$A5.message","nextNodes":["_A22"]},{"skipped":false,"nodeIsSubProcess":false,"nextNodes":["_A24"],"name":"_A22","function":"this.moduleAwait('system', 'onError', null)"},{"name":"_A24","nodeIsSubProcess":false,"function":"","skipped":false,"nextNodes":["_A26","A13"]},{"skipped":false,"nodeIsSubProcess":false,"nextNodes":["A14"],"name":"_A26","function":"this.moduleAwait('system', 'onError', 'A13')"},{"name":"A14","process":"demo/User/Common Use Cases/Cisco Routers/CiscoRouterFlowsforCustomers09_25_2020/CiscoShowRouting","nodeIsSubProcess":true,"skipped":false,"processParameters":[{"name":"RouterAuth","value":"$RouterAuth"}],"nextNodes":["A16"]},{"name":"A16","nodeIsSubProcess":false,"skipped":false,"function":"$totalRouteCount=$A14.totalRouteCount","nextNodes":["A17"]},{"name":"A17","nodeIsSubProcess":false,"skipped":false,"function":"$eigrpTopologyInfo=$A14.eigrpTopoResult","nextNodes":["A18"]},{"name":"A18","nodeIsSubProcess":false,"skipped":false,"function":"$routeCountByProtocol=$A14.routeCountByProtocol","nextNodes":["_A25"]},{"name":"A13","nodeIsSubProcess":false,"function":"return;","nextNodes":["_A25"]},{"skipped":false,"nodeIsSubProcess":false,"nextNodes":["_A27"],"name":"_A25","function":"this.moduleAwait('system', 'onError', null)"},{"name":"_A27","nodeIsSubProcess":false,"function":"","skipped":false,"nextNodes":["_A29","A1"]},{"skipped":false,"nodeIsSubProcess":false,"nextNodes":["BootVariableInformation"],"name":"_A29","function":"this.moduleAwait('system', 'onError', 'A1')"},{"name":"BootVariableInformation","process":"demo/User/Common Use Cases/Cisco Routers/CiscoRouterFlowsforCustomers09_25_2020/CiscoShowBootVariable","nodeIsSubProcess":true,"skipped":false,"processParameters":[{"name":"routerAuth","value":"$RouterAuth"}],"nextNodes":["A19"]},{"name":"A19","nodeIsSubProcess":false,"skipped":false,"function":"$routerBootSettings=$BootVariableInformation.bootInformation","nextNodes":["_A28"]},{"name":"A1","nodeIsSubProcess":false,"function":"return;","nextNodes":["_A28"]},{"skipped":false,"nodeIsSubProcess":false,"nextNodes":["_exit"],"name":"_A28","function":"this.moduleAwait('system', 'onError', null)"},{"name":"_exit","nextNodes":[],"nodeIsSubProcess":false,"skipped":false,"function":""}],"variables":[{"name":"freeMemoryPercent","required":true,"isInput":false,"isOutput":true,"level":"INTERMEDIATE","type":"{\"type\": \"string\"}","value":"0","meta":{}},{"name":"version","required":true,"isInput":false,"isOutput":true,"level":"INTERMEDIATE","type":"{\"type\": \"string\"}","value":"\"\"","meta":{}},{"name":"vendor","required":true,"isInput":false,"isOutput":true,"level":"INTERMEDIATE","type":"{\"type\": \"string\"}","value":"\"\"","meta":{}},{"name":"serialNumber","required":true,"isInput":false,"isOutput":true,"level":"INTERMEDIATE","type":"{\"type\": \"string\"}","value":"\"\"","meta":{}},{"name":"hostName","required":true,"isInput":false,"isOutput":true,"level":"INTERMEDIATE","type":"{\"type\": \"string\"}","value":"\"\"","meta":{}},{"name":"uptime","required":true,"isInput":false,"isOutput":true,"level":"INTERMEDIATE","type":"{\"type\": \"string\"}","value":"\"\"","meta":{}},{"name":"cpuFiveMinuteAverage","required":true,"isInput":false,"isOutput":true,"level":"INTERMEDIATE","type":"{\"type\": \"string\"}","value":"0","meta":{}},{"name":"routerInterfaces","required":true,"isInput":false,"isOutput":true,"level":"INTERMEDIATE","type":"{\"type\": \"array\"}","value":"[]","meta":{}},{"name":"error","required":true,"isInput":false,"isOutput":true,"level":"INTERMEDIATE","type":"{\"type\": \"string\"}","value":"\"\"","meta":{}},{"name":"result","required":true,"isInput":false,"isOutput":false,"level":"INTERMEDIATE","type":"{\"type\": \"string\"}","value":"{}","meta":{}},{"name":"routerPartNumber","required":true,"isInput":false,"isOutput":true,"level":"INTERMEDIATE","type":"{\"type\": \"string\"}","value":"\"\"","meta":{}},{"name":"routerSerialNumber","required":true,"isInput":false,"isOutput":true,"level":"INTERMEDIATE","type":"{\"type\": \"string\"}","value":"\"\"","meta":{}},{"name":"rttMax","required":true,"isInput":false,"isOutput":true,"level":"INTERMEDIATE","type":"{\"type\": \"string\"}","value":"0","meta":{}},{"name":"rttMin","required":true,"isInput":false,"isOutput":true,"level":"INTERMEDIATE","type":"{\"type\": \"string\"}","value":"0","meta":{}},{"name":"rttAvg","required":true,"isInput":false,"isOutput":true,"level":"INTERMEDIATE","type":"{\"type\": \"string\"}","value":"0","meta":{}},{"name":"totalRouteCount","required":true,"isInput":false,"isOutput":true,"level":"INTERMEDIATE","type":"{\"type\": \"string\"}","value":"\"\"","meta":{}},{"name":"eigrpTopologyInfo","required":true,"isInput":false,"isOutput":true,"level":"INTERMEDIATE","type":"{\"type\": \"string\"}","value":"\"\"","meta":{}},{"name":"routeCountByProtocol","required":true,"isInput":false,"isOutput":true,"level":"INTERMEDIATE","type":"{\"type\": \"string\"}","value":"\"\"","meta":{}},{"name":"routerBootSettings","required":true,"isInput":false,"isOutput":true,"level":"INTERMEDIATE","type":"{\"type\": \"string\"}","value":"[]","meta":{}},{"name":"RouterAuth","required":true,"isInput":true,"isOutput":false,"level":"INTERMEDIATE","type":"{\"type\": \"string\"}","value":"{    \"os\": \"ios\",    \"protocol\": \"ssh\",    \"ipAddress\": \"192.168.109.37\",    \"port\": \"22\",    \"username\": \"dave\",    \"password\": \"dave\"}","meta":{}}],"meta":{"layout":{"type":"sequence","nodes":[{"type":"comment","node":"_A13"},{"type":"try","try":"_A1","exit":"_A4","catchNode":"CatchUptimeError","tryNode":"_A5","trySequence":{"type":"sequence","nodes":[{"type":"action","node":"Uptime"},{"type":"assign","node":"UptimeVar"}]},"catchSequence":{"type":"sequence","nodes":[{"type":"assign","node":"UptimeErrorVar"}]}},{"type":"comment","node":"_A14"},{"type":"try","try":"_A2","exit":"_A6","catchNode":"CatchProcessMemoryError","tryNode":"_A7","trySequence":{"type":"sequence","nodes":[{"type":"action","node":"ProcessMemory"},{"type":"assign","node":"ProcessMemoryVar"}]},"catchSequence":{"type":"sequence","nodes":[{"type":"assign","node":"A10"}]}},{"type":"try","try":"_A3","exit":"_A8","catchNode":"CatchShowVersionError","tryNode":"_A9","trySequence":{"type":"sequence","nodes":[{"type":"action","node":"ShowVersion"},{"type":"assign","node":"ShowVersionVersionVar"},{"type":"assign","node":"ShowVersionSerialNumberVar"},{"type":"assign","node":"ShowVersionVendorVar"},{"type":"assign","node":"ShowVersionHostNameVar"}]},"catchSequence":{"type":"sequence","nodes":[{"type":"assign","node":"ShowVersionErrorVar"}]}},{"type":"try","try":"_A10","exit":"_A11","catchNode":"A15","tryNode":"_A12","trySequence":{"type":"sequence","nodes":[{"type":"action","node":"ShowProcessCPU"},{"type":"assign","node":"ShowProcessCPUVar"}]},"catchSequence":{"type":"sequence","nodes":[]}},{"type":"try","try":"_A15","exit":"_A16","catchNode":"A2","tryNode":"_A17","trySequence":{"type":"sequence","nodes":[{"type":"action","node":"GetListofInterfaces"},{"type":"assign","node":"A4"}]},"catchSequence":{"type":"sequence","nodes":[]}},{"type":"try","try":"_A18","exit":"_A19","catchNode":"A3","tryNode":"_A20","trySequence":{"type":"sequence","nodes":[{"type":"action","node":"GetRouterSerialandPartNumber"},{"type":"assign","node":"A6"},{"type":"assign","node":"A7"}]},"catchSequence":{"type":"sequence","nodes":[]}},{"type":"try","try":"_A21","exit":"_A22","catchNode":"A5","tryNode":"_A23","trySequence":{"type":"sequence","nodes":[{"type":"action","node":"PingTargetDevice"},{"type":"assign","node":"A8"},{"type":"assign","node":"A12"},{"type":"assign","node":"A11"}]},"catchSequence":{"type":"sequence","nodes":[{"type":"assign","node":"A9"}]}},{"type":"try","try":"_A24","exit":"_A25","catchNode":"A13","tryNode":"_A26","trySequence":{"type":"sequence","nodes":[{"type":"action","node":"A14"},{"type":"assign","node":"A16"},{"type":"assign","node":"A17"},{"type":"assign","node":"A18"}]},"catchSequence":{"type":"sequence","nodes":[]}},{"type":"try","try":"_A27","exit":"_A28","catchNode":"A1","tryNode":"_A29","trySequence":{"type":"sequence","nodes":[{"type":"action","node":"BootVariableInformation"},{"type":"assign","node":"A19"}]},"catchSequence":{"type":"sequence","nodes":[]}}]},"endNode":"_exit"}}],"meta":{"version":3,"description":"Show different router attributes","created":1601041892861,"lastUpdated":1607468277130,"numberOfBlocks":39,"customMET":true,"workerGroup":"default","MET":15}}