{"platform":"node","language":"js","runProcess":"main","hash":"YJUwB0cc02l+Lva1pWCyXRIA5+Ne3GNfEGKnNLDra90=","processes":[{"name":"main","entryNode":"_A1","exitNode":"_exit","nodes":[{"name":"_A1","skipped":true,"nextNodes":["A5"],"nodeIsSubProcess":false,"meta":{"comment":"..get template","type":"comment"}},{"name":"A5","process":"system/Common/sftp_getFile","nodeIsSubProcess":true,"skipped":false,"processParameters":[{"name":"authKey","value":"\"admin/codr_vess\""},{"name":"file","value":"\"nxos_errors/nxos-show-counter-error.template\""}],"nextNodes":["_A5"],"meta":{"processParamsTypes":{"authKey":"auth"}}},{"name":"_A5","skipped":true,"nextNodes":["A2"],"nodeIsSubProcess":false,"meta":{"comment":"here we use fixed text, but in production this should be an ssh block retrieving it","type":"comment"}},{"name":"A2","nodeIsSubProcess":false,"skipped":false,"function":"$config=`\n--------------------------------------------------------------------------------\nPort          Align-Err    FCS-Err   Xmit-Err    Rcv-Err  UnderSize OutDiscards\n--------------------------------------------------------------------------------\nEth1/1                1          0          0          0          0           0\nEth1/2                2          0          0          0          0           0\nEth1/3                3          0          0          0          0           0\nEth1/4                4          0          0          0          0           0\nEth1/5                5          0          0          0          0    60825272\n\n--------------------------------------------------------------------------------\nPort         Single-Col  Multi-Col   Late-Col  Exces-Col  Carri-Sen       Runts\n--------------------------------------------------------------------------------\nEth1/1                6          0          0          0          0           0\nEth1/2                7          0          0          0          0           0\nEth1/3                8          0          0          0          0           0\nEth1/4                9          0          0          0          0           0\nEth1/5                10          0          0          0          0           0\n\n--------------------------------------------------------------------------------\nPort          Giants SQETest-Err Deferred-Tx IntMacTx-Er IntMacRx-Er Symbol-Err\n--------------------------------------------------------------------------------\nEth1/1             0          --           0           0           0          0\nEth1/2             0          --           0           0           0          0\nEth1/3             0          --           0           0           0          0\nEth1/4             0          --           0           0           0          0\nEth1/5             0          --           0           0           0          0`","nextNodes":["_A6"]},{"name":"_A6","skipped":true,"nextNodes":["parseAction"],"nodeIsSubProcess":false,"meta":{"comment":"transform the show output into an object","type":"comment"}},{"name":"parseAction","process":"system/Common/TextFsmParse","nodeIsSubProcess":true,"skipped":false,"processParameters":[{"name":"template","value":"$A5.result"},{"name":"text_data","value":"$config"}],"nextNodes":["_A19"],"meta":{"processParamsTypes":{"text_data":"expression"}}},{"name":"_A19","skipped":true,"nextNodes":["A4"],"nodeIsSubProcess":false,"meta":{"comment":"What we have now is an array of objects, except there are 3 copies of the object for every interface, each with some subset of properties set and the rest \"\".\nWe now have to go through and deduplicate them","type":"comment"}},{"name":"A4","nodeIsSubProcess":false,"skipped":true,"function":"$out=$parseAction.result","nextNodes":["_A39"]},{"name":"_A39","skipped":true,"nextNodes":["line"],"nodeIsSubProcess":false,"meta":{"comment":"...this is very clunky.   Can be re-written to be a lot better.","type":"comment"}},{"name":"line","process":"system/Common/ForEach","nodeIsSubProcess":true,"skipped":false,"processParameters":[{"name":"list","value":"$parseAction.result"},{"name":"index","value":"$line?$line.index:0"}],"nextNodes":["_A3","_A2"]},{"skipped":false,"nodeIsSubProcess":false,"nextNodes":["_A20"],"name":"_A3","function":"if (!$line.hasMore) return;","meta":{"skipBreakpoint":true}},{"name":"_A20","skipped":true,"nextNodes":["A9"],"nodeIsSubProcess":false,"meta":{"comment":"Here we convert the object representing the interface into an array ","type":"comment"}},{"name":"A9","nodeIsSubProcess":false,"skipped":false,"function":"$itemArray=Object.entries( $line.item )","nextNodes":["item"]},{"name":"item","process":"system/Common/ForEach","nodeIsSubProcess":true,"skipped":false,"processParameters":[{"name":"list","value":"$itemArray"},{"name":"index","value":"$item?$item.index:0"}],"nextNodes":["_A10","_A7"]},{"skipped":false,"nodeIsSubProcess":false,"nextNodes":["A8"],"name":"_A10","function":"if (!$item.hasMore) return;","meta":{"skipBreakpoint":true}},{"name":"A8","process":"system/Common/If","nodeIsSubProcess":true,"skipped":false,"processParameters":[{"name":"condition","value":"$item.index == 0"}],"nextNodes":["_A12","_A13"]},{"skipped":false,"nodeIsSubProcess":false,"nextNodes":["A7"],"name":"_A12","function":"if(!$A8.result) return;","meta":{"skipBreakpoint":true}},{"name":"A7","nodeIsSubProcess":false,"skipped":false,"function":"$key=$item.item[1]","nextNodes":["A3"]},{"name":"A3","process":"system/Common/If","nodeIsSubProcess":true,"skipped":false,"processParameters":[{"name":"condition","value":"!( $key in $objectArray )"}],"nextNodes":["_A14","_A17"]},{"skipped":false,"nodeIsSubProcess":false,"nextNodes":["A6"],"name":"_A14","function":"if(!$A3.result) return;","meta":{"skipBreakpoint":true}},{"name":"A6","nodeIsSubProcess":false,"skipped":false,"function":"$objectArray[$key]={}","nextNodes":["_A16"]},{"skipped":false,"nodeIsSubProcess":false,"nextNodes":["_A16"],"name":"_A17","function":"if($A3.result) return;","meta":{"skipBreakpoint":true}},{"name":"_A16","nodeIsSubProcess":false,"skipped":false,"function":"","nextNodes":["_A9"]},{"name":"_A9","skipped":false,"nextNodes":["_A11"],"nodeIsSubProcess":false,"function":""},{"skipped":false,"nodeIsSubProcess":false,"nextNodes":["_A8"],"name":"_A13","function":"if($A8.result) return;","meta":{"skipBreakpoint":true}},{"name":"_A8","nodeIsSubProcess":false,"skipped":false,"function":"","nextNodes":["_A18"]},{"name":"_A18","skipped":true,"nextNodes":["A10"],"nodeIsSubProcess":false,"meta":{"comment":"We only assign the items that have a value","type":"comment"}},{"name":"A10","process":"system/Common/If","nodeIsSubProcess":true,"skipped":false,"processParameters":[{"name":"condition","value":"$item.item[1] != \"\""}],"nextNodes":["_A22","_A23"]},{"skipped":false,"nodeIsSubProcess":false,"nextNodes":["A1"],"name":"_A22","function":"if(!$A10.result) return;","meta":{"skipBreakpoint":true}},{"name":"A1","nodeIsSubProcess":false,"skipped":false,"function":"$objectArray[$key][$item.item[0]]=$item.item[1]","nextNodes":["_A15"]},{"skipped":false,"nodeIsSubProcess":false,"nextNodes":["_A15"],"name":"_A23","function":"if($A10.result) return;","meta":{"skipBreakpoint":true}},{"name":"_A15","nodeIsSubProcess":false,"skipped":false,"function":"","nextNodes":["_A11"]},{"skipped":false,"nodeIsSubProcess":false,"nextNodes":["item","_A7"],"name":"_A11","function":"$item.index++","meta":{"skipBreakpoint":true}},{"name":"_A7","nodeIsSubProcess":false,"skipped":false,"function":"if($item.hasMore && !$item.break) return;$item.index=0","nextNodes":["_A4"],"meta":{"skipBreakpoint":true}},{"skipped":false,"nodeIsSubProcess":false,"nextNodes":["line","_A2"],"name":"_A4","function":"$line.index++","meta":{"skipBreakpoint":true}},{"name":"_A2","nodeIsSubProcess":false,"skipped":false,"function":"if($line.hasMore && !$line.break) return;$line.index=0","nextNodes":["_A26"],"meta":{"skipBreakpoint":true}},{"name":"_A26","skipped":true,"nextNodes":["currentTime"],"nodeIsSubProcess":false,"meta":{"comment":"we are going to store our results so we can access them tomorrow.","type":"comment"}},{"name":"currentTime","process":"system/Common/DateTime/Timestamp Now","nodeIsSubProcess":true,"skipped":false,"processParameters":[],"nextNodes":["currentTimeFormatted"]},{"name":"currentTimeFormatted","process":"system/Common/DateTime/Date Format","nodeIsSubProcess":true,"skipped":false,"processParameters":[{"name":"timestamp","value":"$currentTime.result"},{"name":"format","value":"\"YYYYMMDD\""}],"nextNodes":["A15"]},{"name":"A15","process":"system/Common/sftp_putFile","nodeIsSubProcess":true,"skipped":false,"processParameters":[{"name":"authKey","value":"\"admin/codr_vess\""},{"name":"file","value":"\"nxos_errors/nxos_errors\" + $currentTimeFormatted.result"},{"name":"contents","value":"JSON.stringify($objectArray)"}],"nextNodes":["_A28"],"meta":{"processParamsTypes":{"authKey":"auth"}}},{"name":"_A28","skipped":true,"nextNodes":["yesterdayTimestamp"],"nodeIsSubProcess":false,"meta":{"comment":"Now we are going to retrieve yesterday's file","type":"comment"}},{"name":"yesterdayTimestamp","process":"system/Common/DateTime/Timestamp Subtract","nodeIsSubProcess":true,"skipped":false,"processParameters":[{"name":"unit","value":"\"days\""},{"name":"amount","value":"1"}],"nextNodes":["yesterdayFormatted"]},{"name":"yesterdayFormatted","process":"system/Common/DateTime/Date Format","nodeIsSubProcess":true,"skipped":false,"processParameters":[{"name":"timestamp","value":"$yesterdayTimestamp.result"},{"name":"format","value":"\"YYYYMMDD\""}],"nextNodes":["_A31"]},{"name":"_A31","nodeIsSubProcess":false,"function":"","skipped":false,"nextNodes":["_A34","errorHandler"]},{"skipped":false,"nodeIsSubProcess":false,"nextNodes":["yesterdayFile"],"name":"_A34","function":"this.moduleAwait('system', 'onError', 'errorHandler')"},{"name":"yesterdayFile","process":"system/Common/sftp_getFile","nodeIsSubProcess":true,"skipped":false,"processParameters":[{"name":"authKey","value":"\"admin/codr_vess\""},{"name":"file","value":"\"nxos_errors/nxos_errors\" + $yesterdayFormatted.result"}],"nextNodes":["yesterdayData"],"meta":{"processParamsTypes":{"authKey":"auth"},"breakpoint":{"enabled":true,"isSet":true}}},{"name":"yesterdayData","process":"system/Common/JsonParse","nodeIsSubProcess":true,"skipped":false,"processParameters":[{"name":"jsonString","value":"$yesterdayFile.result"}],"nextNodes":["_A33"]},{"name":"errorHandler","nodeIsSubProcess":false,"function":"return;","nextNodes":["A17"]},{"name":"A17","process":"system/Common/If","nodeIsSubProcess":true,"skipped":false,"processParameters":[{"name":"condition","value":"$errorHandler.message == \"No such file\""}],"nextNodes":["_A35","_A36"],"meta":{"breakpoint":{"enabled":true,"isSet":true}}},{"skipped":false,"nodeIsSubProcess":false,"nextNodes":["A18"],"name":"_A35","function":"if(!$A17.result) return;","meta":{"skipBreakpoint":true}},{"name":"A18","nodeIsSubProcess":false,"skipped":false,"function":"$result=\"File containing data from yesterday was not found.  File with today's data was stored and will be available for generating a report tomorrow.\"","nextNodes":["_A30"]},{"skipped":false,"nodeIsSubProcess":false,"nextNodes":["_A29"],"name":"_A36","function":"if($A17.result) return;","meta":{"skipBreakpoint":true}},{"name":"_A29","process":"system/Common/Throw","nodeIsSubProcess":true,"skipped":false,"processParameters":[{"name":"error","value":"$errorHandler.message"}],"nextNodes":["_A30"]},{"name":"_A30","nodeIsSubProcess":false,"skipped":false,"function":"","nextNodes":["_A32"]},{"name":"_A32","skipped":false,"nextNodes":["_exit"],"nodeIsSubProcess":false,"function":"","meta":{"breakpoint":{"enabled":true,"isSet":true}}},{"skipped":false,"nodeIsSubProcess":false,"nextNodes":["XLSFile"],"name":"_A33","function":"this.moduleAwait('system', 'onError', null)"},{"name":"XLSFile","process":"system/Common/sftp_getFile","nodeIsSubProcess":true,"skipped":false,"processParameters":[{"name":"authKey","value":"\"admin/codr_vess\""},{"name":"file","value":"\"nxos_errors/blank.xlsx\""}],"nextNodes":["preppedSheet"],"meta":{"processParamsTypes":{"authKey":"auth"}}},{"name":"preppedSheet","process":"system/Excel/WriteRow","nodeIsSubProcess":true,"skipped":false,"processParameters":[{"name":"row","value":"\"1\""},{"name":"values","value":"[\"Interface\", \"ALIGN_ERR\", \"FCS_ERR\", \"XMIT_ERR\", \"RCV_ERR\", \"UNDERSIZE\", \"OUTDISCARD\", \"SINGLE_COL\", \"MULTI_COL\", \"LATE_COL\", \"EXCESS_COL\", \"CARRI_SEN\", \"RUNTS\", \"GIANTS\", \"SQE_TEST_ERRORS\", \"DEFERRED_TX\", \"INTMAC_TX_ERR\", \"INTMAC_RX_ERR\", \"SYMBOL_ERR\"]"},{"name":"sheetname","value":""},{"name":"FileDataXLSX","value":"$XLSFile.result"}],"nextNodes":["interface"]},{"name":"interface","process":"system/Common/ForEach","nodeIsSubProcess":true,"skipped":false,"processParameters":[{"name":"list","value":"Object.keys($objectArray)"},{"name":"index","value":"$interface?$interface.index:0"}],"nextNodes":["_A24","_A21"],"meta":{"breakpoint":{"enabled":true,"isSet":true}}},{"skipped":false,"nodeIsSubProcess":false,"nextNodes":["A14"],"name":"_A24","function":"if (!$interface.hasMore) return;","meta":{"skipBreakpoint":true}},{"name":"A14","process":"system/Common/If","nodeIsSubProcess":true,"skipped":false,"processParameters":[{"name":"condition","value":"$yesterdayData.result[$interface.item]"}],"nextNodes":["_A37","_A38"]},{"skipped":false,"nodeIsSubProcess":false,"nextNodes":["writeRowAction"],"name":"_A37","function":"if(!$A14.result) return;","meta":{"skipBreakpoint":true}},{"name":"writeRowAction","process":"system/Excel/WriteRow","nodeIsSubProcess":true,"skipped":false,"processParameters":[{"name":"row","value":"$interface.index + 2"},{"name":"values","value":"[$interface.item, \n    $objectArray[$interface.item].ALIGN_ERR - $yesterdayData.result[$interface.item].ALIGN_ERR, \n    $objectArray[$interface.item].FCS_ERR - $yesterdayData.result[$interface.item].FCS_ERR, \n    $objectArray[$interface.item].XMIT_ERR - $yesterdayData.result[$interface.item].XMIT_ERR, \n    $objectArray[$interface.item].RCV_ERR - $yesterdayData.result[$interface.item].RCV_ERR, \n    $objectArray[$interface.item].UNDERSIZE - $yesterdayData.result[$interface.item].UNDERSIZE, \n    $objectArray[$interface.item].OUTDISCARD - $yesterdayData.result[$interface.item].OUTDISCARD, \n    $objectArray[$interface.item].SINGLE_COL - $yesterdayData.result[$interface.item].SINGLE_COL ,\n    $objectArray[$interface.item].MULTI_COL - $yesterdayData.result[$interface.item].MULTI_COL ,\n    $objectArray[$interface.item].LATE_COL - $yesterdayData.result[$interface.item].LATE_COL ,\n    $objectArray[$interface.item].EXCESS_COL - $yesterdayData.result[$interface.item].EXCESS_COL ,\n    $objectArray[$interface.item].CARRI_SEN - $yesterdayData.result[$interface.item].CARRI_SEN ,\n    $objectArray[$interface.item].RUNTS - $yesterdayData.result[$interface.item].RUNTS ,\n    $objectArray[$interface.item].GIANTS - $yesterdayData.result[$interface.item].GIANTS, \n    /*$objectArray[$interface.item].SQE_TEST_ERRORS - $yesterdayData.result[$interface.item].SQE_TEST_ERRORS*/ 0,\n    $objectArray[$interface.item].DEFERRED_TX - $yesterdayData.result[$interface.item].DEFERRED_TX,\n    $objectArray[$interface.item].INTMAC_TX_ERR - $yesterdayData.result[$interface.item].INTMAC_TX_ERR,\n    $objectArray[$interface.item].INTMAC_RX_ERR - $yesterdayData.result[$interface.item].INTMAC_RX_ERR,\n    $objectArray[$interface.item].SYMBOL_ERR - $yesterdayData.result[$interface.item].SYMBOL_ERR,\n]"},{"name":"sheetname","value":""},{"name":"FileDataXLSX","value":"$preppedSheet.result"}],"nextNodes":["_A27"],"meta":{"breakpoint":{"enabled":true,"isSet":true}}},{"skipped":false,"nodeIsSubProcess":false,"nextNodes":["A19"],"name":"_A38","function":"if($A14.result) return;","meta":{"skipBreakpoint":true}},{"name":"A19","process":"system/Excel/WriteRow","nodeIsSubProcess":true,"skipped":false,"processParameters":[{"name":"row","value":"$interface.index + 2"},{"name":"values","value":"[$interface.item, \n    \"NA\",\n    \"NA\",\n    \"NA\",\n    \"NA\",\n    \"NA\",\n    \"NA\",\n    \"NA\",\n    \"NA\",\n    \"NA\",\n    \"NA\",\n    \"NA\",\n    \"NA\",\n    \"NA\",\n    \"NA\",\n    \"NA\",\n    \"NA\",\n    \"NA\"\n]"},{"name":"sheetname","value":""},{"name":"FileDataXLSX","value":"$preppedSheet.result"}],"nextNodes":["_A27"],"meta":{"breakpoint":{"enabled":true,"isSet":true}}},{"name":"_A27","nodeIsSubProcess":false,"skipped":false,"function":"","nextNodes":["A13"]},{"name":"A13","nodeIsSubProcess":false,"skipped":false,"function":"$preppedSheet.result=$writeRowAction.result","nextNodes":["_A25"]},{"skipped":false,"nodeIsSubProcess":false,"nextNodes":["interface","_A21"],"name":"_A25","function":"$interface.index++","meta":{"skipBreakpoint":true}},{"name":"_A21","nodeIsSubProcess":false,"skipped":false,"function":"if($interface.hasMore && !$interface.break) return;$interface.index=0","nextNodes":["A12"],"meta":{"skipBreakpoint":true}},{"name":"A12","process":"system/Common/sftp_putFile","nodeIsSubProcess":true,"skipped":false,"processParameters":[{"name":"authKey","value":"\"admin/codr_vess\""},{"name":"file","value":"\"nxos.errors.xlsx\""},{"name":"contents","value":"$preppedSheet.result"}],"nextNodes":["A11"],"meta":{"processParamsTypes":{"authKey":"auth"}}},{"name":"A11","process":"system/Common/sftp_putFile","nodeIsSubProcess":true,"skipped":false,"processParameters":[{"name":"authKey","value":"\"admin/codr_vess\""},{"name":"file","value":"\"nxos_errors/nxos.errors.xlsx\""},{"name":"contents","value":"$preppedSheet.result"}],"nextNodes":["A16"],"meta":{"processParamsTypes":{"authKey":"auth"}}},{"name":"A16","nodeIsSubProcess":false,"skipped":false,"function":"$result=\"Process completed successfully and report file nxos.errors.xlsx generated\"","nextNodes":["_exit"]},{"name":"_exit","nextNodes":[],"nodeIsSubProcess":false,"skipped":false,"function":""}],"variables":[{"name":"out","required":true,"isInput":false,"isOutput":true,"level":"INTERMEDIATE","type":"{\"type\": \"string\"}","value":"\"\"","meta":{}},{"name":"config","required":true,"isInput":false,"isOutput":false,"level":"INTERMEDIATE","type":"{\"type\": \"string\"}","value":"\"\"","meta":{}},{"name":"objectArray","required":true,"isInput":false,"isOutput":true,"level":"INTERMEDIATE","type":"{\"type\": \"object\"}","value":"{}","meta":{}},{"name":"key","required":true,"isInput":false,"isOutput":false,"level":"INTERMEDIATE","type":"{\"type\": \"string\"}","value":"\"\"","meta":{}},{"name":"itemArray","required":true,"isInput":false,"isOutput":false,"level":"INTERMEDIATE","type":"{\"type\": \"array\"}","value":"[]","meta":{}},{"name":"result","required":true,"isInput":false,"isOutput":true,"level":"INTERMEDIATE","type":"{\"type\": \"string\"}","value":"\"\"","meta":{}}],"meta":{"layout":{"type":"sequence","nodes":[{"type":"comment","node":"_A1"},{"type":"action","node":"A5"},{"type":"comment","node":"_A5"},{"type":"assign","node":"A2"},{"type":"comment","node":"_A6"},{"type":"action","node":"parseAction"},{"type":"comment","node":"_A19"},{"type":"assign","node":"A4"},{"type":"comment","node":"_A39"},{"type":"foreach","list":"line","entry":"_A3","increment":"_A4","exit":"_A2","body":{"type":"sequence","nodes":[{"type":"comment","node":"_A20"},{"type":"assign","node":"A9"},{"type":"foreach","body":{"type":"sequence","nodes":[{"type":"if","condition":"A8","exit":"_A8","then":{"type":"sequence","nodes":[{"type":"assign","node":"A7"},{"type":"if","condition":"A3","then":{"type":"sequence","nodes":[{"type":"assign","node":"A6"}]},"else":{"type":"sequence","nodes":[]},"exit":"_A16","thenNode":"_A14","elseNode":"_A17"},{"type":"continue","node":"_A9"}]},"else":{"type":"sequence","nodes":[]},"thenNode":"_A12","elseNode":"_A13"},{"type":"comment","node":"_A18"},{"type":"if","condition":"A10","exit":"_A15","then":{"type":"sequence","nodes":[{"type":"assign","node":"A1"}]},"else":{"type":"sequence","nodes":[]},"thenNode":"_A22","elseNode":"_A23"}]},"list":"item","exit":"_A7","entry":"_A10","increment":"_A11"}]}},{"type":"comment","node":"_A26"},{"type":"action","node":"currentTime"},{"type":"action","node":"currentTimeFormatted"},{"type":"action","node":"A15"},{"type":"comment","node":"_A28"},{"type":"action","node":"yesterdayTimestamp"},{"type":"action","node":"yesterdayFormatted"},{"type":"try","try":"_A31","exit":"_A33","catchNode":"errorHandler","tryNode":"_A34","trySequence":{"type":"sequence","nodes":[{"type":"action","node":"yesterdayFile"},{"type":"action","node":"yesterdayData"}]},"catchSequence":{"type":"sequence","nodes":[{"type":"if","condition":"A17","exit":"_A30","then":{"type":"sequence","nodes":[{"type":"assign","node":"A18"}]},"else":{"type":"sequence","nodes":[{"type":"action","node":"_A29"}]},"thenNode":"_A35","elseNode":"_A36"},{"type":"exit","node":"_A32"}]}},{"type":"action","node":"XLSFile"},{"type":"action","node":"preppedSheet"},{"type":"foreach","list":"interface","entry":"_A24","increment":"_A25","exit":"_A21","body":{"type":"sequence","nodes":[{"type":"if","condition":"A14","exit":"_A27","then":{"type":"sequence","nodes":[{"type":"action","node":"writeRowAction"}]},"else":{"type":"sequence","nodes":[{"type":"action","node":"A19"}]},"thenNode":"_A37","elseNode":"_A38"},{"type":"assign","node":"A13"}]}},{"type":"action","node":"A12"},{"type":"action","node":"A11"},{"type":"assign","node":"A16"}]},"endNode":"_exit"}}],"meta":{"version":3,"description":"This workflow retrieves the error counters from an nxos switch.  It stores those in a file on an SFTP server.  It then retrieves a file with yesterday's data, and after doing a delta with the data from today, generates a report which is stored in an excel spreadsheet and SFTP'd to the same SFTP server.\n\nIf no file exists with data from yesterday we will fail gracefully"}}