{"platform":"node","language":"js","runProcess":"main","hash":"s/zWuWoN0ndpa1OGZ0/bCrUpLtZs39d747dgfkvPvSE=","processes":[{"name":"main","entryNode":"ListCommunityStrings","exitNode":"_exit","meta":{"layout":{"type":"sequence","nodes":[{"type":"action","node":"ListCommunityStrings"},{"type":"assign","node":"_A1"}]},"endNode":"_exit"},"variables":[{"name":"output","required":true,"isInput":false,"isOutput":true,"level":"INTERMEDIATE","type":"{\"type\": \"string\"}","value":"\"\"","meta":{}}],"nodes":[{"name":"ListCommunityStrings","process":"system/f5/sys/get_snmp_communities_list","nodeIsSubProcess":true,"skipped":false,"processParameters":[{"name":"authKey","value":"\"demo/F5Auth\""}],"nextNodes":["_A1"],"meta":{"processParamsTypes":{"authKey":"auth"}}},{"name":"_A1","nodeIsSubProcess":false,"skipped":false,"function":"$output=$ListCommunityStrings.result.items","nextNodes":["_exit"]},{"name":"_exit","nextNodes":[],"nodeIsSubProcess":false,"skipped":false,"function":""}]}],"meta":{"version":3,"description":"This flow lists the SNMP Community Strings on an F5 BIG-IP"}}