{"platform":"node","language":"js","runProcess":"main","hash":"FCAqgNFiHuCf+0gNBf9CYEPxL0tNlX/I6lQFObeIFso=","processes":[{"name":"main","entryNode":"AddNewSNMPString","exitNode":"_exit","meta":{"layout":{"type":"sequence","nodes":[{"type":"action","node":"AddNewSNMPString"},{"type":"assign","node":"_A1"}]},"endNode":"_exit"},"variables":[{"name":"output","required":false,"isInput":false,"isOutput":true,"level":"INTERMEDIATE","type":"{\"type\": \"string\"}","value":"[]","meta":{}},{"name":"Community_String","required":false,"isInput":true,"isOutput":false,"level":"INTERMEDIATE","type":"{\"type\": \"string\"}","value":"\"public\"","meta":{}},{"name":"objectid","required":false,"isInput":true,"isOutput":false,"level":"INTERMEDIATE","type":"{\"type\": \"string\"}","value":"\"ChangeThisForEachNewString\"","meta":{}},{"name":"addletter","required":false,"isInput":false,"isOutput":false,"level":"INTERMEDIATE","type":"{\"type\": \"string\"}","value":"\"D\"","meta":{}},{"name":"Access_Rights","required":false,"isInput":true,"isOutput":false,"level":"INTERMEDIATE","type":"{\"type\": \"string\"}","value":"\"ro\"","meta":{}},{"name":"Description","required":false,"isInput":true,"isOutput":false,"level":"INTERMEDIATE","type":"{\"type\": \"string\"}","value":"\"\"","meta":{}}],"nodes":[{"name":"AddNewSNMPString","process":"system/f5/sys/post_snmp_communities","nodeIsSubProcess":true,"skipped":false,"processParameters":[{"name":"authKey","value":"\"demo/F5Auth\""},{"name":"id","value":"$objectid"},{"name":"object","value":"{\"access\":$Access_Rights,\"communityName\":$Community_String,\"description\":$Description,\"ipv6\":\"disabled\",\"kind\":\"\",\"name\":\"\",\"oidSubset\":\"\",\"source\":\"\"}"}],"nextNodes":["_A1"],"meta":{"processParamsTypes":{"authKey":"auth"}}},{"name":"_A1","nodeIsSubProcess":false,"skipped":false,"function":"$output={ \"Object Identifier\": $AddNewSNMPString.result.name, \"Community\" : $AddNewSNMPString.result.communityName, \"Privilege\":$AddNewSNMPString.result.access}","nextNodes":["_exit"]},{"name":"_exit","nextNodes":[],"nodeIsSubProcess":false,"skipped":false,"function":""}]}],"meta":{"version":3,"description":"This flow adds a SNMP Community string to an F5 BIG-IP"}}