{"platform":"node","language":"js","runProcess":"main","hash":"R8csC0h+6H2B2NJ6oaA0V2VsXQ2rYCbAadLYME75Uwo=","processes":[{"name":"main","entryNode":"GetAllPools","exitNode":"_exit","nodes":[{"name":"GetAllPools","process":"system/f5/ltm/get_pool_list","nodeIsSubProcess":true,"skipped":false,"processParameters":[{"name":"authKey","value":"\"demo/F5Auth\""}],"nextNodes":["_A1"],"meta":{"processParamsTypes":{"authKey":"auth"}}},{"name":"_A1","nodeIsSubProcess":false,"skipped":false,"function":"$output.pools=$GetAllPools.result.items","nextNodes":["ForEachPoolListMembers"],"meta":{"breakpoint":{"enabled":true,"isSet":true}}},{"name":"ForEachPoolListMembers","process":"system/Common/ForEach","nodeIsSubProcess":true,"skipped":false,"processParameters":[{"name":"list","value":"$output.pools"},{"name":"index","value":"$ForEachPoolListMembers?$ForEachPoolListMembers.index:0"}],"nextNodes":["_A4","_A3"],"meta":{"breakpoint":{"enabled":true,"isSet":true}}},{"skipped":false,"nodeIsSubProcess":false,"nextNodes":["FIXPID"],"name":"_A4","function":"if (!$ForEachPoolListMembers.hasMore) return;","meta":{"skipBreakpoint":true}},{"name":"FIXPID","process":"system/Common/String/StringReplace","nodeIsSubProcess":true,"skipped":false,"processParameters":[{"name":"str1","value":"$ForEachPoolListMembers.item.fullPath"},{"name":"str2","value":"\"/\""},{"name":"str3","value":"\"~\""}],"nextNodes":["GetListOfMembers"]},{"name":"GetListOfMembers","process":"system/f5/ltm/get_pool_members_list","nodeIsSubProcess":true,"skipped":false,"processParameters":[{"name":"authKey","value":"\"demo/F5Auth\""},{"name":"pid","value":"$FIXPID.result"}],"nextNodes":["AssignOutputToArray"],"meta":{"processParamsTypes":{"authKey":"auth"}}},{"name":"AssignOutputToArray","process":"system/Common/ArrayPush","nodeIsSubProcess":true,"skipped":false,"processParameters":[{"name":"array","value":"$output.poolMembers"},{"name":"item","value":"$GetListOfMembers.result"}],"nextNodes":["_A5"]},{"skipped":false,"nodeIsSubProcess":false,"nextNodes":["ForEachPoolListMembers","_A3"],"name":"_A5","function":"$ForEachPoolListMembers.index++","meta":{"skipBreakpoint":true}},{"name":"_A3","nodeIsSubProcess":false,"skipped":false,"function":"if($ForEachPoolListMembers.hasMore && !$ForEachPoolListMembers.break) return;$ForEachPoolListMembers.index=0","nextNodes":["_exit"],"meta":{"skipBreakpoint":true}},{"name":"_exit","nextNodes":[],"nodeIsSubProcess":false,"skipped":false,"function":""}],"variables":[{"name":"output","required":false,"isInput":false,"isOutput":true,"level":"INTERMEDIATE","type":"{\"type\": \"string\"}","value":"{ \"pools\" : [], \"poolMembers\":[]}","meta":{}},{"name":"newPoolMember","required":true,"isInput":true,"isOutput":true,"level":"INTERMEDIATE","type":"{\"type\": \"string\"}","value":"\"\"","meta":{}}],"meta":{"layout":{"type":"sequence","nodes":[{"type":"action","node":"GetAllPools"},{"type":"assign","node":"_A1"},{"type":"foreach","list":"ForEachPoolListMembers","entry":"_A4","increment":"_A5","exit":"_A3","body":{"type":"sequence","nodes":[{"type":"action","node":"FIXPID"},{"type":"action","node":"GetListOfMembers"},{"type":"action","node":"AssignOutputToArray"}]}}]},"endNode":"_exit"}}],"meta":{"version":3,"description":"List all the pools and their members on an F5 BIG-IP"}}